{"accuracy": [0.4377739727497101, 0.750812292098999, 0.8214213848114014, 0.8560406565666199, 0.8769894242286682, 0.8933183550834656, 0.9065989255905151, 0.9149287939071655, 0.9243811368942261, 0.9287410378456116, 0.9356412887573242, 0.9400366544723511, 0.9444319605827332, 0.9475748538970947, 0.951509416103363, 0.9535771012306213, 0.9569090604782104, 0.9588704705238342, 0.9605364203453064, 0.961446225643158, 0.9638919830322266, 0.9659006595611572, 0.9670940041542053, 0.9674366116523743, 0.9682873487472534], "loss": [2.9407308101654053, 1.1503937244415283, 0.7964848279953003, 0.6303393244743347, 0.5252878069877625, 0.4512172341346741, 0.39433035254478455, 0.35483166575431824, 0.3151794672012329, 0.29175370931625366, 0.2667284607887268, 0.24388296902179718, 0.22600121796131134, 0.21048825979232788, 0.1955997347831726, 0.18874098360538483, 0.17370867729187012, 0.16515040397644043, 0.1573762744665146, 0.1496179848909378, 0.1442219316959381, 0.13755206763744354, 0.1313290297985077, 0.12871867418289185, 0.12266159057617188], "val_accuracy": [0.8167619109153748, 0.887238085269928, 0.91352379322052, 0.9268571138381958, 0.9241904616355896, 0.9329524040222168, 0.9352381229400635, 0.9340952634811401, 0.9371428489685059, 0.9367619156837463, 0.9398095011711121, 0.9405714273452759, 0.9413333535194397, 0.939047634601593, 0.9428571462631226, 0.9428571462631226, 0.9443809390068054, 0.9447619318962097, 0.9451428651809692, 0.9478095173835754, 0.9474285840988159, 0.9478095173835754, 0.9459047913551331, 0.948190450668335, 0.9474285840988159], "val_loss": [0.9099230170249939, 0.5052438378334045, 0.3818073868751526, 0.3218030035495758, 0.28714850544929504, 0.26797452569007874, 0.25171294808387756, 0.2411579191684723, 0.23231573402881622, 0.22584041953086853, 0.22283338010311127, 0.22314836084842682, 0.2139570266008377, 0.2132187932729721, 0.21052464842796326, 0.20449237525463104, 0.20860165357589722, 0.19996240735054016, 0.20204374194145203, 0.1957748383283615, 0.193937748670578, 0.1936776340007782, 0.19230471551418304, 0.19584161043167114, 0.19496113061904907]}